TABLE_NAME,COLUMN_NAME,DATA_TYPE,COLUMN_TYPE,CHARACTER_SET_NAME,COLLATION_NAME,IS_NULLABLE,EXTRA,COLUMN_KEY,CONSTRAINT_NAME,FK_Table,FK_Column
"__EFMigrationsHistory","MigrationId","varchar","varchar(150)","utf8mb4","utf8mb4_bin","NO","","PRI","PRIMARY","",""
"__EFMigrationsHistory","ProductVersion","varchar","varchar(32)","utf8mb4","utf8mb4_bin","NO","","","","",""
"attendances","id","bigint","bigint","","","NO","","PRI","PRIMARY","",""
"attendances","session_id","int","int","","","NO","","MUL","","",""
"attendances","student_id","int","int","","","NO","","MUL","","",""
"attendances","status","varchar","varchar(20)","utf8mb4","utf8mb4_bin","NO","","","","",""
"attendances","checkin_at","datetime","datetime","","","YES","","","","",""
"attendances","checkout_at","datetime","datetime","","","YES","","","","",""
"attendances","picked_up_by","varchar","varchar(255)","utf8mb4","utf8mb4_bin","YES","","","","",""
"attendances","institute_id","int","int","","","NO","","MUL","","",""
"badges","id","int","int","","","NO","auto_increment","PRI","PRIMARY","",""
"badges","institute_id","int","int","","","NO","","MUL","uq_badges_key","",""
"badges","institute_id","int","int","","","NO","","MUL","fk_1","institutes","id"
"badges","badge_key","varchar","varchar(100)","utf8mb4","utf8mb4_bin","NO","","","uq_badges_key","",""
"badges","name","varchar","varchar(255)","utf8mb4","utf8mb4_bin","NO","","","","",""
"badges","description","text","text","utf8mb4","utf8mb4_bin","YES","","","","",""
"badges","icon_url","varchar","varchar(1000)","utf8mb4","utf8mb4_bin","YES","","","","",""
"badges","criteria_type","varchar","varchar(50)","utf8mb4","utf8mb4_bin","NO","","","","",""
"badges","criteria_value","int","int","","","NO","","","","",""
"badges","is_active","tinyint","tinyint(1)","","","NO","","","","",""
"courses","id","int","int","","","NO","auto_increment","PRI","PRIMARY","",""
"courses","institute_id","int","int","","","NO","","MUL","fk_courses_institute","institutes","id"
"courses","course_type","enum","enum('group','private','subscription','video','credit')","utf8mb4","utf8mb4_bin","YES","","","","",""
"courses","name","varchar","varchar(255)","utf8mb4","utf8mb4_bin","NO","","","","",""
"courses","subject","varchar","varchar(100)","utf8mb4","utf8mb4_bin","YES","","","","",""
"courses","total_sessions","int","int","","","YES","","","","",""
"courses","price","decimal","decimal(10,2)","","","NO","","","","",""
"courses","teacher_id","int","int","","","YES","","","fk_1","teachers","id"
"courses","created_at","timestamp","timestamp","","","YES","","","","",""
"courses","deleted_at","datetime","datetime","","","YES","","","","",""
"courses","created_by","int","int","","","YES","","","","",""
"courses","updated_by","int","int","","","YES","","","","",""
"courses","capacity_limit","int","int","","","YES","","","","",""
"courses","status","enum","enum('draft','published','archived')","utf8mb4","utf8mb4_bin","YES","","","","",""
"courses","expires_in_days","int","int","","","YES","","","","",""
"courses","require_computer","tinyint","tinyint(1)","","","YES","","","","",""
"courses","credit_cost","int","int","","","YES","","","","",""
"enrollments","id","int","int","","","NO","auto_increment","PRI","PRIMARY","",""
"enrollments","student_id","int","int","","","NO","","MUL","uq_enrollment_student_course","",""
"enrollments","student_id","int","int","","","NO","","MUL","fk_1","students","id"
"enrollments","course_id","int","int","","","NO","","","fk_2","courses","id"
"enrollments","course_id","int","int","","","NO","","","uq_enrollment_student_course","",""
"enrollments","sessions_remaining","int","int","","","NO","","","","",""
"enrollments","paid_amount","decimal","decimal(10,2)","","","YES","","","","",""
"enrollments","expires_at","date","date","","","YES","","","","",""
"enrollments","created_at","timestamp","timestamp","","","YES","","","","",""
"enrollments","institute_id","int","int","","","NO","","MUL","uq_enrollment_student_course","",""
"homework_submissions","id","bigint","bigint","","","NO","","PRI","PRIMARY","",""
"homework_submissions","homework_id","int","int","","","NO","","MUL","","",""
"homework_submissions","student_id","int","int","","","NO","","MUL","","",""
"homework_submissions","institute_id","int","int","","","NO","","MUL","","",""
"homework_submissions","submitted_at","datetime","datetime","","","YES","","","","",""
"homework_submissions","file_url","varchar","varchar(255)","utf8mb4","utf8mb4_bin","YES","","","","",""
"homework_submissions","score","decimal","decimal(5,2)","","","YES","","","","",""
"homework_submissions","feedback","text","text","utf8mb4","utf8mb4_bin","YES","","","","",""
"homework_submissions","created_at","datetime","datetime","","","NO","","","","",""
"homework_submissions_old","id","bigint","bigint","","","NO","","PRI","PRIMARY","",""
"homework_submissions_old","homework_id","int","int","","","NO","","MUL","","",""
"homework_submissions_old","student_id","int","int","","","NO","","MUL","","",""
"homework_submissions_old","institute_id","int","int","","","NO","","MUL","","",""
"homework_submissions_old","submitted_at","datetime","datetime","","","YES","","","","",""
"homework_submissions_old","file_url","varchar","varchar(255)","utf8mb4","utf8mb4_bin","YES","","","","",""
"homework_submissions_old","score","decimal","decimal(5,2)","","","YES","","","","",""
"homework_submissions_old","feedback","text","text","utf8mb4","utf8mb4_bin","YES","","","","",""
"homework_submissions_old","created_at","datetime","datetime","","","NO","","","","",""
"homeworks","id","int","int","","","NO","auto_increment","PRI","PRIMARY","",""
"homeworks","course_id","int","int","","","NO","","","fk_1","courses","id"
"homeworks","title","varchar","varchar(255)","utf8mb4","utf8mb4_unicode_ci","NO","","","","",""
"homeworks","description","text","text","utf8mb4","utf8mb4_unicode_ci","YES","","","","",""
"homeworks","file_url","varchar","varchar(255)","utf8mb4","utf8mb4_unicode_ci","YES","","","","",""
"homeworks","due_at","datetime","datetime","","","NO","","","","",""
"homeworks","assigned_by","int","int","","","YES","","","fk_2","teachers","id"
"homeworks","institute_id","int","int","","","NO","","MUL","fk_homeworks_institute","institutes","id"
"institutes","id","int","int","","","NO","auto_increment","PRI","PRIMARY","",""
"institutes","name","varchar","varchar(255)","utf8mb4","utf8mb4_bin","NO","","","","",""
"institutes","logo_url","varchar","varchar(255)","utf8mb4","utf8mb4_bin","YES","","","","",""
"institutes","contact_phone","varchar","varchar(20)","utf8mb4","utf8mb4_bin","YES","","","","",""
"institutes","is_active","tinyint","tinyint(1)","","","YES","","","","",""
"institutes","created_at","timestamp","timestamp","","","YES","","","","",""
"institutes","updated_at","timestamp","timestamp","","","YES","DEFAULT_GENERATED on update CURRENT_TIMESTAMP","","","",""
"leads","id","bigint","bigint","","","NO","","PRI","PRIMARY","",""
"leads","institute_id","int","int","","","NO","","MUL","fk_1","institutes","id"
"leads","full_name","varchar","varchar(255)","utf8mb4","utf8mb4_bin","NO","","","","",""
"leads","phone","varchar","varchar(50)","utf8mb4","utf8mb4_bin","NO","","MUL","","",""
"leads","email","varchar","varchar(255)","utf8mb4","utf8mb4_bin","YES","","","","",""
"leads","grade","varchar","varchar(50)","utf8mb4","utf8mb4_bin","YES","","","","",""
"leads","interested_subjects","varchar","varchar(500)","utf8mb4","utf8mb4_bin","YES","","","","",""
"leads","source","varchar","varchar(50)","utf8mb4","utf8mb4_bin","YES","","","","",""
"leads","status","varchar","varchar(50)","utf8mb4","utf8mb4_bin","NO","","","","",""
"leads","assigned_to","int","int","","","YES","","","fk_2","users","id"
"leads","notes","text","text","utf8mb4","utf8mb4_bin","YES","","","","",""
"leads","trial_session_id","int","int","","","YES","","","fk_3","sessions","id"
"leads","created_at","datetime","datetime","","","NO","","","","",""
"leads","updated_at","datetime","datetime","","","NO","DEFAULT_GENERATED on update CURRENT_TIMESTAMP","","","",""
"leave_requests","id","bigint","bigint","","","NO","","PRI","PRIMARY","",""
"leave_requests","student_id","int","int","","","NO","","MUL","","",""
"leave_requests","session_id","int","int","","","NO","","MUL","","",""
"leave_requests","institute_id","int","int","","","NO","","MUL","","",""
"leave_requests","reason","text","text","utf8mb4","utf8mb4_bin","YES","","","","",""
"leave_requests","type","varchar","varchar(20)","utf8mb4","utf8mb4_bin","NO","","","","",""
"leave_requests","status","varchar","varchar(20)","utf8mb4","utf8mb4_bin","NO","","","","",""
"leave_requests","requested_at","datetime","datetime","","","YES","","","","",""
"leave_requests","approved_by","int","int","","","YES","","","","",""
"leave_requests","created_at","datetime","datetime","","","NO","","","","",""
"leave_requests","updated_at","datetime","datetime","","","NO","DEFAULT_GENERATED on update CURRENT_TIMESTAMP","","","",""
"leave_requests_old","id","bigint","bigint","","","NO","","PRI","PRIMARY","",""
"leave_requests_old","student_id","int","int","","","NO","","MUL","","",""
"leave_requests_old","session_id","int","int","","","NO","","MUL","","",""
"leave_requests_old","institute_id","int","int","","","NO","","MUL","","",""
"leave_requests_old","reason","text","text","utf8mb4","utf8mb4_bin","YES","","","","",""
"leave_requests_old","type","varchar","varchar(20)","utf8mb4","utf8mb4_bin","NO","","","","",""
"leave_requests_old","status","varchar","varchar(20)","utf8mb4","utf8mb4_bin","NO","","","","",""
"leave_requests_old","requested_at","datetime","datetime","","","YES","","","","",""
"leave_requests_old","approved_by","int","int","","","YES","","","","",""
"leave_requests_old","created_at","datetime","datetime","","","NO","","","","",""
"leave_requests_old","updated_at","datetime","datetime","","","NO","DEFAULT_GENERATED on update CURRENT_TIMESTAMP","","","",""
"makeup_credits","id","bigint","bigint","","","NO","","PRI","PRIMARY","",""
"makeup_credits","student_id","int","int","","","NO","","MUL","","",""
"makeup_credits","course_id","int","int","","","NO","","MUL","","",""
"makeup_credits","institute_id","int","int","","","NO","","MUL","","",""
"makeup_credits","granted_at","datetime","datetime","","","YES","","","","",""
"makeup_credits","expires_at","date","date","","","NO","","","","",""
"makeup_credits","used_session_id","int","int","","","YES","","","","",""
"makeup_credits","created_at","datetime","datetime","","","NO","","","","",""
"makeup_credits_old","id","bigint","bigint","","","NO","","PRI","PRIMARY","",""
"makeup_credits_old","student_id","int","int","","","NO","","MUL","","",""
"makeup_credits_old","course_id","int","int","","","NO","","MUL","","",""
"makeup_credits_old","institute_id","int","int","","","NO","","MUL","","",""
"makeup_credits_old","granted_at","datetime","datetime","","","YES","","","","",""
"makeup_credits_old","expires_at","date","date","","","NO","","","","",""
"makeup_credits_old","used_session_id","int","int","","","YES","","","","",""
"makeup_credits_old","created_at","datetime","datetime","","","NO","","","","",""
"makeup_slots","id","int","int","","","NO","auto_increment","PRI","PRIMARY","",""
"makeup_slots","teacher_id","int","int","","","NO","","","fk_1","teachers","id"
"makeup_slots","scheduled_at","datetime","datetime","","","NO","","","","",""
"makeup_slots","capacity","int","int","","","NO","","","","",""
"makeup_slots","booked_count","int","int","","","YES","","","","",""
"makeup_slots","room_id","varchar","varchar(50)","utf8mb4","utf8mb4_unicode_ci","YES","","","","",""
"notifications","id","bigint","bigint","","","NO","","PRI","PRIMARY","",""
"notifications","user_id","int","int","","","NO","","MUL","","",""
"notifications","channel","varchar","varchar(20)","utf8mb4","utf8mb4_bin","NO","","","","",""
"notifications","message","text","text","utf8mb4","utf8mb4_bin","NO","","","","",""
"notifications","sent_at","datetime","datetime","","","YES","","","","",""
"notifications","status","varchar","varchar(20)","utf8mb4","utf8mb4_bin","NO","","MUL","","",""
"notifications","payload","json","json","","","YES","","","","",""
"notifications","recipient_id","varchar","varchar(255)","utf8mb4","utf8mb4_bin","YES","","","","",""
"notifications","retry_count","int","int","","","NO","","","","",""
"notifications","max_retries","int","int","","","NO","","","","",""
"notifications","scheduled_at","datetime","datetime","","","NO","","","","",""
"notifications","processed_at","datetime","datetime","","","YES","","","","",""
"notifications","error_message","text","text","utf8mb4","utf8mb4_bin","YES","","","","",""
"notifications","notification_type","varchar","varchar(50)","utf8mb4","utf8mb4_bin","YES","","","","",""
"notifications","institute_id","int","int","","","NO","","MUL","","",""
"parents","id","int","int","","","NO","auto_increment","PRI","PRIMARY","",""
"parents","user_id","int","int","","","YES","","UNI","fk_1","users","id"
"parents","user_id","int","int","","","YES","","UNI","user_id","",""
"parents","student_id","int","int","","","NO","","","fk_2","students","id"
"parents","full_name","varchar","varchar(255)","utf8mb4","utf8mb4_unicode_ci","NO","","","","",""
"parents","phone","varchar","varchar(20)","utf8mb4","utf8mb4_unicode_ci","NO","","MUL","","",""
"parents","line_user_id","varchar","varchar(255)","utf8mb4","utf8mb4_unicode_ci","YES","","MUL","","",""
"parents","relationship","varchar","varchar(100)","utf8mb4","utf8mb4_unicode_ci","YES","","","","",""
"parents","institute_id","int","int","","","NO","","","","",""
"parents","is_primary","tinyint","tinyint(1)","","","NO","","","","",""
"parents","is_active","tinyint","tinyint(1)","","","NO","","","","",""
"payments","id","bigint","bigint","","","NO","","PRI","PRIMARY","",""
"payments","enrollment_id","int","int","","","NO","","MUL","","",""
"payments","institute_id","int","int","","","NO","","MUL","","",""
"payments","amount","decimal","decimal(10,2)","","","NO","","","","",""
"payments","method","varchar","varchar(20)","utf8mb4","utf8mb4_bin","NO","","","","",""
"payments","paid_at","datetime","datetime","","","NO","","","","",""
"payments","slip_url","varchar","varchar(1000)","utf8mb4","utf8mb4_bin","YES","","","","",""
"payments","invoice_no","varchar","varchar(50)","utf8mb4","utf8mb4_bin","NO","","UNI","uq_payments_invoice_no","",""
"payments","created_at","timestamp","timestamp","","","YES","","","","",""
"payments","discount_amount","decimal","decimal(10,2)","","","YES","","","","",""
"payments","status","varchar","varchar(20)","utf8mb4","utf8mb4_bin","YES","","","","",""
"payments","gateway_ref_id","varchar","varchar(255)","utf8mb4","utf8mb4_bin","YES","","","","",""
"payments","net_amount","decimal","decimal(10,2)","","","YES","","","","",""
"payments","qr_payload","text","text","utf8mb4","utf8mb4_bin","YES","","","","",""
"payments","qr_expires_at","datetime","datetime","","","YES","","","","",""
"payments","verified_at","datetime","datetime","","","YES","","","","",""
"payments","verified_by","int","int","","","YES","","","","",""
"payments","verification_provider","varchar","varchar(50)","utf8mb4","utf8mb4_bin","YES","","","","",""
"payments","verification_payload","json","json","","","YES","","","","",""
"payments","slip_amount","decimal","decimal(10,2)","","","YES","","","","",""
"payments","slip_trans_ref","varchar","varchar(255)","utf8mb4","utf8mb4_bin","YES","","","","",""
"payments","slip_verified_at","datetime","datetime","","","YES","","","","",""
"pdpa_consents","id","int","int","","","NO","auto_increment","PRI","PRIMARY","",""
"pdpa_consents","user_id","int","int","","","YES","","","fk_1","users","id"
"pdpa_consents","consent_version","varchar","varchar(50)","utf8mb4","utf8mb4_unicode_ci","NO","","","","",""
"pdpa_consents","is_accepted","tinyint","tinyint(1)","","","YES","","","","",""
"pdpa_consents","accepted_at","datetime","datetime","","","YES","","","","",""
"pdpa_consents","ip_address","varchar","varchar(45)","utf8mb4","utf8mb4_unicode_ci","YES","","","","",""
"pdpa_consents","reference_type","varchar","varchar(50)","utf8mb4","utf8mb4_unicode_ci","NO","","MUL","","",""
"pdpa_consents","reference_id","int","int","","","NO","","","","",""
"pdpa_consents","consent_document_version","varchar","varchar(50)","utf8mb4","utf8mb4_unicode_ci","NO","","","","",""
"public_website_contents","id","bigint","bigint","","","NO","","PRI","PRIMARY","",""
"public_website_contents","institute_id","int","int","","","NO","","MUL","uq_public_content_section","",""
"public_website_contents","section_key","varchar","varchar(100)","utf8mb4","utf8mb4_bin","NO","","","uq_public_content_section","",""
"public_website_contents","content_type","varchar","varchar(50)","utf8mb4","utf8mb4_bin","NO","","","","",""
"public_website_contents","content_value","text","text","utf8mb4","utf8mb4_bin","YES","","","","",""
"public_website_contents","metadata","json","json","","","YES","","","","",""
"public_website_contents","sort_order","int","int","","","NO","","","","",""
"public_website_contents","is_active","tinyint","tinyint(1)","","","NO","","","","",""
"public_website_contents","created_at","datetime","datetime","","","NO","","","","",""
"public_website_contents","updated_at","datetime","datetime","","","NO","DEFAULT_GENERATED on update CURRENT_TIMESTAMP","","","",""
"room_bookings","id","bigint","bigint","","","NO","","PRI","PRIMARY","",""
"room_bookings","institute_id","int","int","","","NO","","MUL","fk_1","institutes","id"
"room_bookings","room_id","varchar","varchar(50)","utf8mb4","utf8mb4_bin","NO","","","","",""
"room_bookings","session_id","int","int","","","YES","","","fk_2","sessions","id"
"room_bookings","booked_start_at","datetime","datetime","","","NO","","","","",""
"room_bookings","booked_end_at","datetime","datetime","","","NO","","","","",""
"room_bookings","purpose","varchar","varchar(255)","utf8mb4","utf8mb4_bin","YES","","","","",""
"room_bookings","created_at","datetime","datetime","","","NO","","","","",""
"sessions","id","int","int","","","NO","auto_increment","PRI","PRIMARY","",""
"sessions","course_id","int","int","","","NO","","MUL","fk_1","courses","id"
"sessions","scheduled_at","datetime","datetime","","","NO","","","uq_sessions_room_overlap","",""
"sessions","duration_min","int","int","","","YES","","","uq_sessions_room_overlap","",""
"sessions","room_id","varchar","varchar(50)","utf8mb4","utf8mb4_unicode_ci","YES","","","uq_sessions_room_overlap","",""
"sessions","status","enum","enum('scheduled','completed','cancelled')","utf8mb4","utf8mb4_unicode_ci","YES","","","","",""
"sessions","substitute_teacher_id","int","int","","","YES","","MUL","fk_sessions_substitute","teachers","id"
"sessions","actual_start_at","datetime","datetime","","","YES","","","","",""
"sessions","actual_end_at","datetime","datetime","","","YES","","","","",""
"sessions","institute_id","int","int","","","NO","","MUL","uq_sessions_room_overlap","",""
"skill_scores","id","bigint","bigint","","","NO","","PRI","PRIMARY","",""
"skill_scores","student_id","int","int","","","NO","","MUL","","",""
"skill_scores","topic_id","int","int","","","NO","","MUL","","",""
"skill_scores","institute_id","int","int","","","NO","","MUL","","",""
"skill_scores","score","decimal","decimal(5,2)","","","YES","","","","",""
"skill_scores","note","text","text","utf8mb4","utf8mb4_bin","YES","","","","",""
"skill_scores","updated_by","int","int","","","YES","","","","",""
"skill_scores","updated_at","datetime","datetime","","","NO","DEFAULT_GENERATED on update CURRENT_TIMESTAMP","","","",""
"skill_scores","created_at","datetime","datetime","","","NO","","","","",""
"skill_scores_old","id","bigint","bigint","","","NO","","PRI","PRIMARY","",""
"skill_scores_old","student_id","int","int","","","NO","","MUL","","",""
"skill_scores_old","topic_id","int","int","","","NO","","MUL","","",""
"skill_scores_old","institute_id","int","int","","","NO","","MUL","","",""
"skill_scores_old","score","decimal","decimal(5,2)","","","YES","","","","",""
"skill_scores_old","note","text","text","utf8mb4","utf8mb4_bin","YES","","","","",""
"skill_scores_old","updated_by","int","int","","","YES","","","","",""
"skill_scores_old","updated_at","datetime","datetime","","","NO","DEFAULT_GENERATED on update CURRENT_TIMESTAMP","","","",""
"skill_scores_old","created_at","datetime","datetime","","","NO","","","","",""
"skill_topics","id","int","int","","","NO","auto_increment","PRI","PRIMARY","",""
"skill_topics","course_id","int","int","","","NO","","","fk_1","courses","id"
"skill_topics","name","varchar","varchar(255)","utf8mb4","utf8mb4_unicode_ci","NO","","","","",""
"skill_topics","order_index","int","int","","","YES","","","","",""
"streak_counters","id","bigint","bigint","","","NO","","PRI","PRIMARY","",""
"streak_counters","institute_id","int","int","","","NO","","MUL","fk_1","institutes","id"
"streak_counters","institute_id","int","int","","","NO","","MUL","uq_streak","",""
"streak_counters","student_id","int","int","","","NO","","","uq_streak","",""
"streak_counters","student_id","int","int","","","NO","","","fk_2","students","id"
"streak_counters","streak_type","varchar","varchar(50)","utf8mb4","utf8mb4_bin","NO","","","uq_streak","",""
"streak_counters","current_count","int","int","","","NO","","","","",""
"streak_counters","longest_count","int","int","","","NO","","","","",""
"streak_counters","last_awarded_at","datetime","datetime","","","YES","","","","",""
"streak_counters","updated_at","datetime","datetime","","","NO","DEFAULT_GENERATED on update CURRENT_TIMESTAMP","","","",""
"student_badges","id","bigint","bigint","","","NO","","PRI","PRIMARY","",""
"student_badges","institute_id","int","int","","","NO","","MUL","uq_student_badge","",""
"student_badges","institute_id","int","int","","","NO","","MUL","fk_1","institutes","id"
"student_badges","student_id","int","int","","","NO","","","uq_student_badge","",""
"student_badges","student_id","int","int","","","NO","","","fk_2","students","id"
"student_badges","badge_id","int","int","","","NO","","","fk_3","badges","id"
"student_badges","badge_id","int","int","","","NO","","","uq_student_badge","",""
"student_badges","awarded_at","datetime","datetime","","","NO","","","","",""
"student_badges","awarded_by_session_id","int","int","","","YES","","","","",""
"student_wallets","id","int","int","","","NO","auto_increment","PRI","PRIMARY","",""
"student_wallets","institute_id","int","int","","","NO","","MUL","uq_wallet_student","",""
"student_wallets","institute_id","int","int","","","NO","","MUL","fk_wallet_inst","institutes","id"
"student_wallets","student_id","int","int","","","NO","","","uq_wallet_student","",""
"student_wallets","student_id","int","int","","","NO","","","fk_wallet_std","students","id"
"student_wallets","balance","int","int","","","YES","","","","",""
"student_wallets","updated_at","datetime","datetime","","","YES","DEFAULT_GENERATED on update CURRENT_TIMESTAMP","","","",""
"student_wallets","created_at","datetime","datetime","","","NO","","","","",""
"student_wallets","version","int","int","","","NO","","","","",""
"students","id","int","int","","","NO","auto_increment","PRI","PRIMARY","",""
"students","institute_id","int","int","","","NO","","MUL","fk_students_institute","institutes","id"
"students","user_id","int","int","","","YES","","UNI","user_id","",""
"students","user_id","int","int","","","YES","","UNI","fk_1","users","id"
"students","full_name","varchar","varchar(255)","utf8mb4","utf8mb4_unicode_ci","NO","","","","",""
"students","nickname","varchar","varchar(100)","utf8mb4","utf8mb4_unicode_ci","YES","","","","",""
"students","grade","varchar","varchar(50)","utf8mb4","utf8mb4_unicode_ci","YES","","","","",""
"students","school","varchar","varchar(255)","utf8mb4","utf8mb4_unicode_ci","YES","","","","",""
"students","qr_token","varchar","varchar(512)","utf8mb4","utf8mb4_unicode_ci","YES","","UNI","qr_token","",""
"students","photo_url","varchar","varchar(255)","utf8mb4","utf8mb4_unicode_ci","YES","","","","",""
"students","medical_info","text","text","utf8mb4","utf8mb4_unicode_ci","YES","","","","",""
"students","created_at","timestamp","timestamp","","","YES","","","","",""
"students","deleted_at","datetime","datetime","","","YES","","","","",""
"students","created_by","int","int","","","YES","","","","",""
"students","updated_by","int","int","","","YES","","","","",""
"students","status","enum","enum('active','graduated','dropped','suspended')","utf8mb4","utf8mb4_unicode_ci","YES","","","","",""
"students","qr_token_expires_at","datetime","datetime","","","YES","","","","",""
"students","qr_token_version","int","int","","","NO","","","","",""
"teacher_payroll_periods","id","bigint","bigint","","","NO","","PRI","PRIMARY","",""
"teacher_payroll_periods","institute_id","int","int","","","NO","","MUL","fk_1","institutes","id"
"teacher_payroll_periods","institute_id","int","int","","","NO","","MUL","uq_payroll_period","",""
"teacher_payroll_periods","teacher_id","int","int","","","NO","","","fk_2","teachers","id"
"teacher_payroll_periods","teacher_id","int","int","","","NO","","","uq_payroll_period","",""
"teacher_payroll_periods","period_start","date","date","","","NO","","","uq_payroll_period","",""
"teacher_payroll_periods","period_end","date","date","","","NO","","","uq_payroll_period","",""
"teacher_payroll_periods","total_hours","decimal","decimal(8,2)","","","NO","","","","",""
"teacher_payroll_periods","hourly_rate","decimal","decimal(10,2)","","","NO","","","","",""
"teacher_payroll_periods","total_amount","decimal","decimal(12,2)","","","NO","","","","",""
"teacher_payroll_periods","status","varchar","varchar(50)","utf8mb4","utf8mb4_bin","NO","","","","",""
"teacher_payroll_periods","paid_at","datetime","datetime","","","YES","","","","",""
"teacher_payroll_periods","created_at","datetime","datetime","","","NO","","","","",""
"teachers","id","int","int","","","NO","auto_increment","PRI","PRIMARY","",""
"teachers","institute_id","int","int","","","NO","","MUL","fk_teachers_institute","institutes","id"
"teachers","user_id","int","int","","","YES","","UNI","fk_1","users","id"
"teachers","user_id","int","int","","","YES","","UNI","user_id","",""
"teachers","full_name","varchar","varchar(255)","utf8mb4","utf8mb4_unicode_ci","NO","","","","",""
"teachers","subjects","varchar","varchar(255)","utf8mb4","utf8mb4_unicode_ci","YES","","","","",""
"teachers","bio","text","text","utf8mb4","utf8mb4_unicode_ci","YES","","","","",""
"teachers","hourly_rate","decimal","decimal(10,2)","","","YES","","","","",""
"teachers","photo_url","varchar","varchar(255)","utf8mb4","utf8mb4_unicode_ci","YES","","","","",""
"teachers","deleted_at","datetime","datetime","","","YES","","","","",""
"teachers","created_by","int","int","","","YES","","","","",""
"teachers","updated_by","int","int","","","YES","","","","",""
"teachers","bank_account_info","text","text","utf8mb4","utf8mb4_bin","YES","","","","",""
"teachers","tax_id","varchar","varchar(50)","utf8mb4","utf8mb4_bin","YES","","","","",""
"teachers","status","enum","enum('active','resigned','suspended')","utf8mb4","utf8mb4_unicode_ci","YES","","","","",""
"users","id","int","int","","","NO","auto_increment","PRI","PRIMARY","",""
"users","institute_id","int","int","","","YES","","MUL","fk_users_institute","institutes","id"
"users","email","varchar","varchar(255)","utf8mb4","utf8mb4_unicode_ci","NO","","UNI","email","",""
"users","phone","varchar","varchar(20)","utf8mb4","utf8mb4_unicode_ci","YES","","","","",""
"users","role","varchar","varchar(20)","utf8mb4","utf8mb4_unicode_ci","NO","","","","",""
"users","line_user_id","varchar","varchar(255)","utf8mb4","utf8mb4_unicode_ci","YES","","UNI","line_user_id","",""
"users","password_hash","varchar","varchar(255)","utf8mb4","utf8mb4_unicode_ci","NO","","","","",""
"users","reset_token","varchar","varchar(255)","utf8mb4","utf8mb4_unicode_ci","YES","","","","",""
"users","reset_token_expiry","datetime","datetime","","","YES","","","","",""
"users","created_at","timestamp","timestamp","","","YES","","","","",""
"users","updated_at","timestamp","timestamp","","","YES","DEFAULT_GENERATED on update CURRENT_TIMESTAMP","","","",""
"wallet_transactions","id","bigint","bigint","","","NO","","PRI","PRIMARY","",""
"wallet_transactions","wallet_id","int","int","","","NO","","MUL","","",""
"wallet_transactions","institute_id","int","int","","","NO","","MUL","","",""
"wallet_transactions","amount","int","int","","","NO","","","","",""
"wallet_transactions","transaction_type","varchar","varchar(20)","utf8mb4","utf8mb4_bin","NO","","","","",""
"wallet_transactions","running_balance","int","int","","","NO","","","","",""
"wallet_transactions","reference_type","varchar","varchar(50)","utf8mb4","utf8mb4_bin","YES","","MUL","","",""
"wallet_transactions","reference_id","bigint","bigint","","","YES","","","","",""
"wallet_transactions","description","varchar","varchar(500)","utf8mb4","utf8mb4_bin","YES","","","","",""
"wallet_transactions","is_reversed","tinyint","tinyint(1)","","","NO","","","","",""
"wallet_transactions","created_at","datetime","datetime","","","NO","","","","",""